{"cameraMode":{"drawMode":0,"name":"Shaded","section":"Shading Mode"},"sceneLighting":false,"audioPlay":false,"sceneViewState":{"m_AlwaysRefresh":false,"showFog":true,"showSkybox":false,"showFlares":true,"showImageEffects":true,"showParticleSystems":true,"showVisualEffectGraphs":true,"m_FxEnabled":true},"in2DMode":false,"pivot":{"x":-0.009999454021453858,"y":0.9312366843223572,"z":0.030207782983779908},"rotation":{"x":-0.3571823239326477,"y":-0.06940113753080368,"z":0.02663012593984604,"w":-0.9310739636421204},"size":1.2809088230133057,"orthographic":false}