{"cameraMode":{"drawMode":0,"name":"Shaded","section":"Shading Mode"},"sceneLighting":false,"audioPlay":false,"sceneViewState":{"m_AlwaysRefresh":false,"showFog":true,"showSkybox":false,"showFlares":true,"showImageEffects":true,"showParticleSystems":true,"showVisualEffectGraphs":true,"m_FxEnabled":true},"in2DMode":false,"pivot":{"x":-2.5196521282196047,"y":-0.8861411809921265,"z":10.446674346923829},"rotation":{"x":-0.004787966143339872,"y":-0.9533431529998779,"z":0.30151087045669558,"w":-0.015154734253883362},"size":0.9568087458610535,"orthographic":false}