{"cameraMode":{"drawMode":0,"name":"Shaded","section":"Shading Mode"},"sceneLighting":false,"audioPlay":false,"sceneViewState":{"m_AlwaysRefresh":false,"showFog":true,"showSkybox":true,"showFlares":true,"showImageEffects":true,"showParticleSystems":true,"showVisualEffectGraphs":true,"m_FxEnabled":true},"in2DMode":false,"pivot":{"x":0.14745011925697328,"y":0.2782542109489441,"z":4.216167449951172},"rotation":{"x":0.08085200935602188,"y":0.038858816027641299,"z":-0.0031254326459020378,"w":0.9959856867790222},"size":1.712007761001587,"orthographic":false}