{"cameraMode":{"drawMode":0,"name":"Shaded","section":"Shading Mode"},"sceneLighting":false,"audioPlay":false,"sceneViewState":{"m_AlwaysRefresh":false,"showFog":true,"showSkybox":true,"showFlares":true,"showImageEffects":true,"showParticleSystems":true,"showVisualEffectGraphs":true,"m_FxEnabled":true},"in2DMode":false,"pivot":{"x":-0.16567468643188477,"y":-0.00818854570388794,"z":60.55381393432617},"rotation":{"x":-0.06750798970460892,"y":-0.2984997630119324,"z":0.021185973659157754,"w":-0.9517990946769714},"size":6.390164852142334,"orthographic":false}