{"cameraMode":{"drawMode":0,"name":"Shaded","section":"Shading Mode"},"sceneLighting":false,"audioPlay":false,"sceneViewState":{"m_AlwaysRefresh":false,"showFog":true,"showSkybox":true,"showFlares":true,"showImageEffects":true,"showParticleSystems":true,"showVisualEffectGraphs":true,"m_FxEnabled":true},"in2DMode":false,"pivot":{"x":0.6166262030601502,"y":-1.0082919597625733,"z":3.0500786304473879},"rotation":{"x":-0.000021549440134549513,"y":-0.9995189309120178,"z":0.031494446098804477,"w":0.0002990251814480871},"size":1.3517112731933594,"orthographic":false}