{"cameraMode":{"drawMode":0,"name":"Shaded","section":"Shading Mode"},"sceneLighting":false,"audioPlay":false,"sceneViewState":{"m_AlwaysRefresh":false,"showFog":true,"showSkybox":true,"showFlares":true,"showImageEffects":true,"showParticleSystems":true,"showVisualEffectGraphs":true,"m_FxEnabled":true},"in2DMode":false,"pivot":{"x":2.319228172302246,"y":26.128265380859376,"z":467.350341796875},"rotation":{"x":0.3183005154132843,"y":-0.018484171479940416,"z":0.006207686383277178,"w":0.9477900266647339},"size":5.379277229309082,"orthographic":false}