{"cameraMode":{"drawMode":0,"name":"Shaded","section":"Shading Mode"},"sceneLighting":false,"audioPlay":false,"sceneViewState":{"m_AlwaysRefresh":false,"showFog":true,"showSkybox":true,"showFlares":true,"showImageEffects":true,"showParticleSystems":true,"showVisualEffectGraphs":true,"m_FxEnabled":true},"in2DMode":false,"pivot":{"x":0.022902727127075197,"y":0.1758403778076172,"z":3.3799147605895998},"rotation":{"x":-0.025104274973273279,"y":-0.9726956486701965,"z":0.12648549675941468,"w":-0.19301903247833253},"size":4.466025352478027,"orthographic":false}