{"cameraMode":{"drawMode":0,"name":"Shaded","section":"Shading Mode"},"sceneLighting":false,"audioPlay":false,"sceneViewState":{"m_AlwaysRefresh":false,"showFog":true,"showSkybox":true,"showFlares":true,"showImageEffects":true,"showParticleSystems":true,"showVisualEffectGraphs":true,"m_FxEnabled":true},"in2DMode":false,"pivot":{"x":-7.152557373046875e-7,"y":-0.9831544756889343,"z":11.880001068115235},"rotation":{"x":-0.03785627335309982,"y":-0.9384578466415405,"z":0.10917852073907852,"w":-0.32553520798683169},"size":3.8068230152130129,"orthographic":false}